Product Type,Product Name,Price,Material,Link,Informations
Jeans,Pantalon cargo en denim,"29,99 €","[' Coton', ' Coton recyclé']",https://www2.hm.com/fr_fr/productpage.1198921004.html,['Pays de fabrication\nBangladesh']
Jeans,Ultra High Ankle Jeggings,"29,99 €","[' Coton', ' Coton recyclé', ' Polyester', ' Polyester recyclé', ' Viscose', ' Élasthanne']",https://www2.hm.com/fr_fr/productpage.1152457015.html,"['Pays d’origine du matériau\nChine', 'Pays de fabrication\nChine']"
Jeans,Wide High Jeans,"29,99 €","[' Coton', ' Coton recyclé', ' Polyester', ' Polyester recyclé']",https://www2.hm.com/fr_fr/productpage.0871889058.html,['Pays de fabrication\nBangladesh']
Jeans,Flared Low Jeans,"25,99 €","[' Coton', ' Coton recyclé', ' Polyester', ' Élasthanne']",https://www2.hm.com/fr_fr/productpage.1183498008.html,"['Teinture\nPakistan', 'Tissage\nPakistan', 'Fabrication\nPakistan']"
Jeans,Skinny Regular Ankle Jeans,"39,99 €","[' Coton', ' Coton recyclé', ' Polyester', ' Polyester recyclé', ' Élasthanne']",https://www2.hm.com/fr_fr/productpage.1199181001.html,[]
Jeans,Wide High Cropped Jeans,"25,99 €","[' Coton', ' Coton recyclé', ' Polyester', ' Polyester recyclé', ' Élasthanne']",https://www2.hm.com/fr_fr/productpage.1199191011.html,['Pays de fabrication\nBangladesh']
Jeans,Curvy Fit Slim High Jeans,"35,99 €","[' Coton', ' Coton recyclé', ' Polyester', ' Élasthanne']",https://www2.hm.com/fr_fr/productpage.1213946005.html,['Pays de fabrication\nBangladesh']
Jeans,Ultra High Ankle Jeggings,"29,99 €","[' Coton', ' Coton recyclé', ' Polyester', ' Polyester recyclé', ' Élasthanne']",https://www2.hm.com/fr_fr/productpage.1152457014.html,['Pays de fabrication\nInde\nVietnam\nChine']
Jeans,Slim Straight High Ankle Jeans,"29,99 €","[' Coton', ' Coton recyclé', ' Polyester recyclé', ' Élasthanne']",https://www2.hm.com/fr_fr/productpage.1214570004.html,['Pays de fabrication\nBangladesh']
Jeans,Slim Regular Jeans,"25,99 €","[' Coton', ' Coton recyclé', ' Élasthanne']",https://www2.hm.com/fr_fr/productpage.1137269004.html,['Pays de fabrication\nPakistan']
Jeans,Skinny Regular Ankle Jeans,"39,99 €","[' Coton', ' Coton recyclé', ' Polyester', ' Polyester recyclé', ' Élasthanne']",https://www2.hm.com/fr_fr/productpage.1199181003.html,"['Teinture\nPakistan', 'Tissage\nPakistan', 'Fabrication\nPakistan']"
Jeans,Straight High Cropped Jeans,"39,99 €","[' Coton', ' Coton biologique', ' Coton recyclé']",https://www2.hm.com/fr_fr/productpage.1200442004.html,[]
Jeans,Skinny High Jeans,"19,99 €","[' Coton', ' Coton recyclé', ' Polyester', ' Polyester recyclé', ' Élasthanne']",https://www2.hm.com/fr_fr/productpage.1025457035.html,['Pays de fabrication\nBangladesh']
Jeans,Petite Fit Baggy Low Jeans,"39,99 €","[' Coton', ' Coton recyclé', ' Polyester', ' Polyester recyclé']",https://www2.hm.com/fr_fr/productpage.1218062001.html,['Pays de fabrication\nInde']
Jeans,Petite Length Wide High Cropped Jeans,"25,99 €","[' Coton', ' Coton recyclé', ' Polyester', ' Élasthanne']",https://www2.hm.com/fr_fr/productpage.1218063003.html,['Pays de fabrication\nBangladesh']
Jeans,Baggy Wide Low Jeans,"39,99 €","[' Coton', ' Coton recyclé', ' Polyester', ' Polyester recyclé']",https://www2.hm.com/fr_fr/productpage.1199190001.html,['Pays de fabrication\nInde\nTurquie']
Jeans,True To You Slim High Jeans,"49,99 €","[' Coton', ' Coton recyclé', ' Polyester', ' Polyester recyclé', ' Élasthanne']",https://www2.hm.com/fr_fr/productpage.1091545002.html,['Pays de fabrication\nTurquie']
Jeans,Curvy Fit Wide High Cropped Jeans,"25,99 €","[' Coton', ' Coton recyclé', ' Polyester', ' Polyester recyclé', ' Élasthanne']",https://www2.hm.com/fr_fr/productpage.1213942002.html,['Pays de fabrication\nBangladesh']
Jeans,Straight Regular Jeans,"39,99 €","[' Coton', ' Coton recyclé', ' Polyester recyclé']",https://www2.hm.com/fr_fr/productpage.1204746004.html,['Pays de fabrication\nBangladesh']
Jeans,Flared High Jeans,"19,99 €","[' Coton', ' Coton recyclé', ' Polyester', ' Polyester recyclé', ' Élasthanne']",https://www2.hm.com/fr_fr/productpage.1109636001.html,['Pays de fabrication\nBangladesh']
Jeans,Ultra High Ankle Jeggings,"29,99 €","[' Coton', ' Coton recyclé', ' Polyester', ' Polyester recyclé', ' Élasthanne']",https://www2.hm.com/fr_fr/productpage.1152457013.html,['Pays de fabrication\nVietnam']
Jeans,Skinny Regular Ankle Jeans,"39,99 €","[' Coton', ' Coton recyclé', ' Polyester', ' Polyester recyclé', ' Élasthanne']",https://www2.hm.com/fr_fr/productpage.1199181002.html,[]
Jeans,Skinny High Jeans,"19,99 €","[' Coton', ' Coton recyclé', ' Élasthanne']",https://www2.hm.com/fr_fr/productpage.1124259014.html,['Pays de fabrication\nBangladesh']
Jeans,Wide High Jeans,"35,99 €","[' Coton', ' Coton recyclé', ' Polyester recyclé']",https://www2.hm.com/fr_fr/productpage.1216282002.html,"['Pays d’origine du matériau\nPakistan', 'Pays de fabrication\nPakistan']"
Jeans,Flared High Jeans,"79,99 €","[' Copolyester', ' Coton', ' Coton recyclé', ' Élasthanne']",https://www2.hm.com/fr_fr/productpage.1219912001.html,['Pays de fabrication\nPakistan']
Jeans,Wide High Jeans,"29,99 €","[' Coton', ' Coton recyclé', ' Polyester recyclé']",https://www2.hm.com/fr_fr/productpage.0871889053.html,['Pays de fabrication\nBangladesh']
Jeans,Wide High Ankle Jeans,"25,99 €","[' Coton', ' Coton recyclé', ' Polyester', ' Polyester recyclé', ' Élasthanne']",https://www2.hm.com/fr_fr/productpage.1214568002.html,['Pays de fabrication\nBangladesh']
Jeans,Wide Ultra High Jeans,"29,99 €","[' Coton', ' Coton recyclé', ' Polyester', ' Polyester recyclé']",https://www2.hm.com/fr_fr/productpage.1222670001.html,['Pays de fabrication\nBangladesh']
Jeans,Slim Mom High Ankle Jeans,"27,99 €","[' Coton', ' Coton recyclé', ' Polyester recyclé', ' Élasthanne']",https://www2.hm.com/fr_fr/productpage.0941666053.html,"['Teinture\nPakistan', 'Tissage\nPakistan', 'Fabrication\nPakistan']"
Jeans,Baggy Wide Low Jeans,"39,99 €","[' Coton', ' Coton recyclé', ' Polyester', ' Polyester recyclé']",https://www2.hm.com/fr_fr/productpage.1199190002.html,['Pays de fabrication\nBangladesh\nTurquie']
Jeans,Flared Low Jeans,"25,99 €","[' Coton', ' Coton recyclé', ' Polyester', ' Élasthanne']",https://www2.hm.com/fr_fr/productpage.1183498007.html,"['Teinture\nPakistan', 'Tissage\nPakistan', 'Fabrication\nPakistan']"
Jeans,Bootcut High Jeans,"35,99 €","[' Coton', ' Coton recyclé', ' Polyester', ' Polyester recyclé', ' Élasthanne']",https://www2.hm.com/fr_fr/productpage.1198343010.html,['Pays de fabrication\nBangladesh']
Jeans,Curvy Fit Slim High Jeans,"35,99 €","[' Coton', ' Coton recyclé', ' Polyester recyclé', ' Élasthanne']",https://www2.hm.com/fr_fr/productpage.1213946004.html,['Pays de fabrication\nBangladesh']
Jeans,Skinny Regular Ankle Jeans,"39,99 €","[' Coton', ' Coton recyclé', ' Polyester', ' Polyester recyclé', ' Élasthanne']",https://www2.hm.com/fr_fr/productpage.1199181012.html,"['Teinture\nPakistan', 'Tissage\nPakistan', 'Fabrication\nPakistan']"
Jeans,Straight Regular Jeans,"29,99 €","[' Coton', ' Coton recyclé', ' Polyester recyclé']",https://www2.hm.com/fr_fr/productpage.1214316001.html,['Pays de fabrication\nBangladesh']
Jeans,Pantalon cargo en denim,"29,99 €","[' Polyester', ' Polyuréthane']",https://www2.hm.com/fr_fr/productpage.1198921009.html,['Pays de fabrication\nBirmanie\nChine']
Jeans,Curvy Fit Bootcut High Jeans,"35,99 €","[' Coton', ' Coton recyclé', ' Polyester recyclé', ' Élasthanne']",https://www2.hm.com/fr_fr/productpage.1213945001.html,['Pays de fabrication\nBangladesh']
Jeans,Skinny Regular Ankle Jeans,"39,99 €","[' Coton', ' Coton recyclé', ' Polyester', ' Polyester recyclé', ' Élasthanne']",https://www2.hm.com/fr_fr/productpage.1199181006.html,"['Teinture\nPakistan', 'Tissage\nPakistan', 'Fabrication\nPakistan']"
Jeans,Slim High Jeans,"29,99 €","[' Coton', ' Coton recyclé', ' Polyester', ' Polyester recyclé', ' Élasthanne']",https://www2.hm.com/fr_fr/productpage.1206355004.html,['Pays de fabrication\nBangladesh']
Jeans,Bootcut High Jeans,"35,99 €","[' Coton', ' Coton recyclé', ' Polyester recyclé', ' Élasthanne']",https://www2.hm.com/fr_fr/productpage.1198343009.html,['Pays de fabrication\nBangladesh']
Jeans,Straight Low Jeans,"39,99 €","[' Coton', ' Coton biologique', ' Coton recyclé']",https://www2.hm.com/fr_fr/productpage.1166881010.html,"['Teinture\nPakistan', 'Tissage\nPakistan', 'Fabrication\nPakistan']"
Jeans,Curvy Fit Baggy Low Jeans,"39,99 €","[' Coton', ' Coton recyclé', ' Polyester', ' Polyester recyclé']",https://www2.hm.com/fr_fr/productpage.1213944002.html,['Pays de fabrication\nBangladesh']
Jeans,Baggy Regular Jeans,"29,99 €","[' Coton', ' Coton recyclé']",https://www2.hm.com/fr_fr/productpage.1214312001.html,['Pays de fabrication\nBangladesh']
Jeans,Baggy Wide Low Ankle Jeans,"39,99 €","[' Circulose®', ' Coton', ' Coton recyclé', ' Polyester recyclé', ' Viscose']",https://www2.hm.com/fr_fr/productpage.1199189002.html,"['Teinture\nPakistan', 'Tissage\nPakistan', 'Fabrication\nPakistan']"
Jeans,True To You Skinny Ultra High Ankle Jeans,"49,99 €","[' Coton', ' Coton recyclé', ' Polyester', ' Polyester recyclé', ' Élasthanne']",https://www2.hm.com/fr_fr/productpage.0986211016.html,['Pays de fabrication\nTurquie']
Jeans,Jean Relaxed Regular,"49,99 €",[' Coton'],https://www2.hm.com/fr_fr/productpage.1227048001.html,['Pays de fabrication\nChine']
Jeans,Slim Straight High Jeans,"35,99 €","[' Coton', ' Coton recyclé', ' Polyester', ' Polyester recyclé', ' Élasthanne']",https://www2.hm.com/fr_fr/productpage.1199187015.html,['Fabrication\nBangladesh']
Jeans,Wide High Jeans,"29,99 €","[' Coton', ' Coton recyclé', ' Polyester recyclé']",https://www2.hm.com/fr_fr/productpage.0871889057.html,['Pays de fabrication\nBangladesh']
Jeans,Baggy Low Jeans,"39,99 €","[' Coton', ' Coton recyclé', ' Polyester recyclé']",https://www2.hm.com/fr_fr/productpage.1207847006.html,['Pays de fabrication\nChine']
Jeans,Petite Fit Bootcut High Jeans,"35,99 €","[' Coton', ' Coton recyclé', ' Polyester recyclé', ' Élasthanne']",https://www2.hm.com/fr_fr/productpage.1218048002.html,['Pays de fabrication\nBangladesh']
Jeans,Curvy Fit Slim High Jeans,"35,99 €","[' Coton', ' Polyester recyclé', ' Élasthanne']",https://www2.hm.com/fr_fr/productpage.1213946001.html,['Pays de fabrication\nBangladesh']
Jeans,Slim Straight High Jeans,"35,99 €","[' Coton', ' Coton recyclé', ' Polyester recyclé', ' Élasthanne']",https://www2.hm.com/fr_fr/productpage.1199187002.html,['Pays de fabrication\nBangladesh']
Jeans,Petite Fit Slim High Jeans,"35,99 €","[' Coton', ' Coton recyclé', ' Polyester', ' Polyester recyclé', ' Élasthanne']",https://www2.hm.com/fr_fr/productpage.1218047003.html,['Pays de fabrication\nBangladesh']
Jeans,Pantalon parachute en denim,"29,99 €","[' Coton', ' Coton recyclé', ' Polyester', ' Polyester recyclé']",https://www2.hm.com/fr_fr/productpage.1203811005.html,[]
Jeans,Flared Low Jeans,"25,99 €","[' Coton', ' Coton recyclé', ' Polyester recyclé', ' Élasthanne']",https://www2.hm.com/fr_fr/productpage.1186485002.html,['Pays de fabrication\nBangladesh']
Jeans,90s Baggy Low Jeans,"35,99 €","[' Coton', ' Coton recyclé', ' Polyester', ' Polyester recyclé']",https://www2.hm.com/fr_fr/productpage.1113296018.html,['Pays de fabrication\nBangladesh']
Jeans,Slim Straight High Jeans,"35,99 €","[' Coton', ' Coton recyclé', ' Polyester recyclé', ' Élasthanne']",https://www2.hm.com/fr_fr/productpage.1199187016.html,['Pays de fabrication\nBangladesh']
Jeans,Slim Straight High Jeans,"35,99 €","[' Coton', ' Coton recyclé', ' Polyester', ' Élasthanne']",https://www2.hm.com/fr_fr/productpage.1199187014.html,['Pays de fabrication\nBangladesh']
Jeans,Pantalon en denim avec taille élastique,"19,99 €","[' Coton', ' Coton recyclé', ' Polyester', ' Polyester recyclé']",https://www2.hm.com/fr_fr/productpage.1237416001.html,['Pays de fabrication\nBangladesh']
Jeans,Curvy Fit Ultra High Ankle Jeggings,"29,99 €","[' Coton', ' Coton recyclé', ' Polyester', ' Polyester recyclé', ' Élasthanne']",https://www2.hm.com/fr_fr/productpage.1185377002.html,['Pays de fabrication\nVietnam']
Jeans,Curvy Fit Wide High Cropped Jeans,"25,99 €","[' Coton', ' Coton recyclé', ' Polyester', ' Élasthanne']",https://www2.hm.com/fr_fr/productpage.1213942004.html,['Pays de fabrication\nBangladesh']
Jeans,Wide High Ankle Jeans,"25,99 €","[' Coton', ' Coton recyclé', ' Polyester', ' Polyester recyclé', ' Élasthanne']",https://www2.hm.com/fr_fr/productpage.1214568003.html,['Pays de fabrication\nBangladesh']
Jeans,Slim Mom High Ankle Jeans,"27,99 €","[' Coton', ' Coton recyclé', ' Polyester recyclé', ' Élasthanne']",https://www2.hm.com/fr_fr/productpage.0941666056.html,['Pays de fabrication\nPakistan']
Jeans,Baggy Low Jeans,"29,99 €","[' Coton', ' Coton recyclé', ' Polyester', ' Polyester recyclé']",https://www2.hm.com/fr_fr/productpage.1214235001.html,['Pays de fabrication\nBangladesh']
Jeans,Skinny High Jeans,"19,99 €","[' Coton', ' Coton recyclé', ' Polyester recyclé', ' Élasthanne', ' Élastomultiester']",https://www2.hm.com/fr_fr/productpage.1207354004.html,['Pays de fabrication\nBangladesh']
Jeans,Straight Regular Jeans,"29,99 €","[' Coton', ' Coton recyclé', ' Polyester recyclé']",https://www2.hm.com/fr_fr/productpage.1214316002.html,['Pays de fabrication\nBangladesh']
Jeans,Flared High Jeans,"19,99 €","[' Coton', ' Coton recyclé', ' Polyester', ' Polyester recyclé', ' Élasthanne']",https://www2.hm.com/fr_fr/productpage.1109636024.html,['Pays de fabrication\nBangladesh']
Jeans,Curvy Fit Bootcut High Jeans,"35,99 €","[' Coton', ' Coton recyclé', ' Polyester', ' Polyester recyclé', ' Élasthanne']",https://www2.hm.com/fr_fr/productpage.1213945002.html,['Pays de fabrication\nBangladesh']
Jeans,H&M+ 90s Straight Ultra High Jeans,"39,99 €","[' Coton', ' Coton recyclé', ' Polyester recyclé']",https://www2.hm.com/fr_fr/productpage.1043619002.html,['Pays de fabrication\nPakistan']
Jeans,Baggy Wide Low Ankle Jeans,"39,99 €","[' Coton', ' Coton recyclé', ' Polyester recyclé', ' Viscose']",https://www2.hm.com/fr_fr/productpage.1199189004.html,"['Pays d’origine du matériau\nPakistan', 'Pays de fabrication\nPakistan']"
Jeans,Slim Mom High Ankle Jeans,"27,99 €","[' Coton', ' Coton recyclé', ' Polyester recyclé', ' Élasthanne']",https://www2.hm.com/fr_fr/productpage.0941666052.html,['Pays de fabrication\nChine']
Jeans,Bootcut Regular Jeans,"25,99 €","[' Coton', ' Coton recyclé', ' Polyester', ' Élasthanne']",https://www2.hm.com/fr_fr/productpage.1215197002.html,"['Teinture\nPakistan', 'Tissage\nPakistan', 'Fabrication\nPakistan']"
Jeans,Petite Fit Baggy Low Jeans,"39,99 €","[' Coton', ' Coton recyclé', ' Polyester', ' Polyester recyclé']",https://www2.hm.com/fr_fr/productpage.1218062003.html,['Pays de fabrication\nBangladesh']
Jeans,Skinny High Jeans,"19,99 €","[' Coton', ' Coton recyclé', ' Polyester recyclé', ' Élasthanne', ' Élastomultiester']",https://www2.hm.com/fr_fr/productpage.1207354002.html,['Pays de fabrication\nBangladesh']
Jeans,Bootcut High Jeans,"35,99 €","[' Coton', ' Polyester', ' Polyester recyclé', ' Élasthanne']",https://www2.hm.com/fr_fr/productpage.1198343002.html,['Pays de fabrication\nBangladesh']
Jeans,Jean orné de strass,"69,99 €","[' Coton', ' Coton recyclé', ' Polyester', ' Polyester recyclé']",https://www2.hm.com/fr_fr/productpage.1226857001.html,['Pays de fabrication\nChine']
Jeans,Wide Ultra High Jeans,"25,99 €","[' Coton', ' Coton recyclé', ' Polyester', ' Polyester recyclé']",https://www2.hm.com/fr_fr/productpage.1067430034.html,['Pays de fabrication\nBangladesh']
Jeans,Wide High Jeans,"29,99 €","[' Coton', ' Coton recyclé', ' Polyester recyclé', ' Élasthanne']",https://www2.hm.com/fr_fr/productpage.1045459030.html,['Pays de fabrication\nBangladesh']
Jeans,Wide High Jeans,"29,99 €","[' Coton', ' Coton recyclé', ' Polyester recyclé']",https://www2.hm.com/fr_fr/productpage.0871889042.html,['Pays de fabrication\nBangladesh']
Jeans,Straight Low Jeans,"25,99 €","[' Coton', ' Coton recyclé', ' Polyester recyclé']",https://www2.hm.com/fr_fr/productpage.1172819003.html,['Pays de fabrication\nBangladesh']
Jeans,Baggy Regular Jeans,"29,99 €","[' Coton', ' Coton recyclé', ' Polyester recyclé']",https://www2.hm.com/fr_fr/productpage.1210963001.html,['Pays de fabrication\nBangladesh']
Jeans,Wide High Jeans,"29,99 €","[' Coton', ' Coton recyclé', ' Polyester recyclé']",https://www2.hm.com/fr_fr/productpage.0871889043.html,['Pays de fabrication\nBangladesh']
Jeans,90s Baggy Regular Jeans,"39,99 €","[' Coton', ' Coton recyclé', ' Polyester recyclé']",https://www2.hm.com/fr_fr/productpage.1198056001.html,"['Teinture\nChine', 'Fabrication\nChine']"
Jeans,Skinny Regular Ankle Jeans,"39,99 €","[' Coton', ' Coton recyclé', ' Polyester', ' Polyester recyclé', ' Élasthanne']",https://www2.hm.com/fr_fr/productpage.1199181011.html,"['Teinture\nPakistan', 'Tissage\nPakistan', 'Fabrication\nPakistan']"
Jeans,H&M+ Ultra High Ankle Jeggings,"24,99 €","[' Coton', ' Coton recyclé', ' Polyester', ' Polyester recyclé', ' Élasthanne']",https://www2.hm.com/fr_fr/productpage.0983947032.html,['Pays de fabrication\nChine']
Jeans,Wide High Jeans,"29,99 €","[' Coton', ' Coton recyclé', ' Élasthanne', ' Élastomultiester']",https://www2.hm.com/fr_fr/productpage.1045459025.html,['Pays de fabrication\nInde\nPakistan']
Jeans,Baggy Regular Jeans,"29,99 €","[' Coton', ' Coton recyclé', ' Polyester']",https://www2.hm.com/fr_fr/productpage.1214312002.html,['Pays de fabrication\nBangladesh']
Jeans,Baggy Regular Jeans,"39,99 €","[' Coton', ' Coton recyclé', ' Polyester recyclé']",https://www2.hm.com/fr_fr/productpage.1228848001.html,"['Teinture\nChine', 'Fabrication\nChine']"
Jeans,Slim Mom High Ankle Jeans,"27,99 €","[' Coton', ' Coton recyclé', ' Polyester recyclé', ' Élasthanne']",https://www2.hm.com/fr_fr/productpage.0941666054.html,"['Teinture\nPakistan', 'Tissage\nPakistan', 'Fabrication\nInde\nPakistan']"
Jeans,Petite Fit Slim High Jeans,"35,99 €","[' Coton', ' Polyester', ' Polyester recyclé', ' Élasthanne']",https://www2.hm.com/fr_fr/productpage.1218047001.html,[]
Jeans,H&M+ Ultra High Ankle Jeggings,"24,99 €","[' Coton', ' Coton recyclé', ' Polyester', ' Polyester recyclé', ' Élasthanne']",https://www2.hm.com/fr_fr/productpage.0983947029.html,['Pays de fabrication\nBangladesh']
Jeans,NA,NA,"['N', 'A']",https://www2.hm.com/fr_fr/productpage.1216000004.html,[]
Jeans,Pantalon parachute en denim,"29,99 €","[' Coton', ' Coton recyclé', ' Polyester', ' Polyester recyclé']",https://www2.hm.com/fr_fr/productpage.1203811001.html,['Pays de fabrication\nBangladesh']
Jeans,Baggy Regular Jeans,"29,99 €","[' Coton', ' Coton recyclé']",https://www2.hm.com/fr_fr/productpage.1214312004.html,['Pays de fabrication\nBangladesh']
Jeans,Skinny High Jeans,"19,99 €","[' Coton', ' Coton recyclé', ' Polyester', ' Élasthanne']",https://www2.hm.com/fr_fr/productpage.1207354001.html,['Pays de fabrication\nBangladesh']
Jeans,Curvy Fit Baggy Low Jeans,"39,99 €","[' Coton', ' Coton recyclé', ' Polyester', ' Polyester recyclé']",https://www2.hm.com/fr_fr/productpage.1213944005.html,"['Teinture\nPakistan', 'Tissage\nPakistan', 'Fabrication\nBangladesh\nPakistan']"
Jeans,Ultra High Ankle Jeggings,"29,99 €","[' Coton', ' Coton recyclé', ' Polyester', ' Polyester recyclé', ' Élasthanne']",https://www2.hm.com/fr_fr/productpage.1152457020.html,['Pays de fabrication\nChine']
Jeans,Shaping Skinny Regular Jeans,"49,99 €","[' Coton', ' Polyester', ' Élasthanne']",https://www2.hm.com/fr_fr/productpage.0986428030.html,"['Tissage\nTurquie', 'Fabrication\nTurquie']"
Jeans,Ultra High Ankle Jeggings,"29,99 €","[' Coton', ' Coton recyclé', ' Polyester', ' Polyester recyclé', ' Élasthanne']",https://www2.hm.com/fr_fr/productpage.1152457016.html,"['Teinture\nVietnam', 'Tissage\nVietnam', 'Fabrication\nVietnam']"
Jeans,Jean à revers Straight High,"49,99 €","[' Coton', ' Coton recyclé', ' Polyester recyclé']",https://www2.hm.com/fr_fr/productpage.1226846001.html,['Pays de fabrication\nChine']
Jeans,Wide High Cropped Jeans,"25,99 €","[' Coton', ' Coton recyclé', ' Polyester', ' Élasthanne']",https://www2.hm.com/fr_fr/productpage.1199191016.html,['Pays de fabrication\nBangladesh']
Jeans,Jean droit à œillets,"49,99 €","[' Coton', ' Coton recyclé', ' Polyester recyclé']",https://www2.hm.com/fr_fr/productpage.1218287001.html,"['Teinture\nChine', 'Fabrication\nChine']"
Jeans,Wide High Jeans,"29,99 €","[' Coton', ' Coton recyclé', ' Polyester recyclé', ' Élasthanne']",https://www2.hm.com/fr_fr/productpage.1045459029.html,"['Tissage\nChine', 'Fabrication\nChine']"
Jeans,Slim Mom High Ankle Jeans,"27,99 €","[' Coton', ' Coton recyclé', ' Polyester recyclé', ' Élasthanne']",https://www2.hm.com/fr_fr/productpage.0941666057.html,"['Tissage\nPakistan', 'Fabrication\nInde\nPakistan']"
Jeans,Skinny High Jeans,"19,99 €","[' Coton', ' Coton recyclé', ' Polyester', ' Polyester recyclé', ' Élasthanne']",https://www2.hm.com/fr_fr/productpage.1025457019.html,['Pays de fabrication\nBangladesh']
Jeans,Ultra High Ankle Jeggings,"29,99 €","[' Coton', ' Coton recyclé', ' Polyester', ' Polyester recyclé', ' Élasthanne']",https://www2.hm.com/fr_fr/productpage.1152457019.html,['Pays de fabrication\nVietnam']
Jeans,Straight High Jeans,"35,99 €","[' Coton', ' Coton recyclé', ' Polyester recyclé']",https://www2.hm.com/fr_fr/productpage.1136205011.html,"['Teinture\nChine', 'Fabrication\nChine']"
Jeans,90s Baggy Regular Jeans,"39,99 €","[' Coton', ' Coton recyclé', ' Polyester recyclé']",https://www2.hm.com/fr_fr/productpage.1198056003.html,['Pays de fabrication\nChine']
Jeans,True To You Slim High Jeans,"49,99 €","[' Coton', ' Coton recyclé', ' Polyester', ' Polyester recyclé', ' Élasthanne']",https://www2.hm.com/fr_fr/productpage.1091545001.html,['Pays de fabrication\nTurquie']
Jeans,Skinny High Jeans,"19,99 €","[' Coton', ' Coton recyclé', ' Polyester', ' Polyester recyclé', ' Élasthanne']",https://www2.hm.com/fr_fr/productpage.1025457037.html,['Pays de fabrication\nBangladesh']
Jeans,Slim Straight High Jeans,"35,99 €","[' Coton', ' Coton recyclé', ' Polyester', ' Polyester recyclé', ' Élasthanne']",https://www2.hm.com/fr_fr/productpage.1199187008.html,['Fabrication\nBangladesh']
Jeans,Ultra High Ankle Jeggings,"29,99 €","[' Coton', ' Coton recyclé', ' Élasthanne']",https://www2.hm.com/fr_fr/productpage.1152457018.html,"['Teinture\nChine', 'Fabrication\nVietnam\nChine']"
Jeans,Baggy Wide Low Jeans,"39,99 €","[' Coton', ' Coton recyclé', ' Polyester']",https://www2.hm.com/fr_fr/productpage.1199190015.html,['Pays de fabrication\nBangladesh']
Jeans,Petite Fit Baggy Low Jeans,"39,99 €","[' Coton', ' Coton recyclé', ' Polyester', ' Polyester recyclé']",https://www2.hm.com/fr_fr/productpage.1218062002.html,"['Teinture\nPakistan', 'Tissage\nPakistan', 'Fabrication\nPakistan']"
Jeans,Straight Low Jeans,"39,99 €","[' Coton', ' Coton biologique', ' Coton recyclé']",https://www2.hm.com/fr_fr/productpage.1166881008.html,"['Teinture\nPakistan', 'Tissage\nPakistan', 'Fabrication\nPakistan']"
Jeans,Petite Length Wide High Cropped Jeans,"25,99 €","[' Coton', ' Coton recyclé', ' Polyester', ' Élasthanne']",https://www2.hm.com/fr_fr/productpage.1218063002.html,['Pays de fabrication\nBangladesh']
Jeans,Curvy Fit Straight Regular Jeans,"39,99 €","[' Coton', ' Coton recyclé', ' Polyester', ' Polyester recyclé']",https://www2.hm.com/fr_fr/productpage.1185380002.html,['Pays de fabrication\nBangladesh']
Jeans,Wide Regular Jeans,"49,99 €","[' Coton', ' Coton recyclé', ' Polyester recyclé']",https://www2.hm.com/fr_fr/productpage.1196074007.html,['Pays de fabrication\nChine']
Jeans,Slim Straight Ultra High Jeans,"35,99 €","[' Circulose®', ' Coton', ' Coton recyclé', ' Polyester recyclé', ' Viscose', ' Élasthanne']",https://www2.hm.com/fr_fr/productpage.1195054002.html,['Pays de fabrication\nPakistan']
Jeans,Baggy Low Jeans,"29,99 €","[' Coton', ' Coton recyclé', ' Polyester recyclé']",https://www2.hm.com/fr_fr/productpage.1214235003.html,['Pays de fabrication\nBangladesh']
Jeans,Cropped jeans,"37,99 €","[' Coton', ' Coton recyclé', ' Polyester', ' Polyester recyclé', ' Élasthanne']",https://www2.hm.com/fr_fr/productpage.1213702001.html,['Pays de fabrication\nBangladesh']
Jeans,MAMA Jean large,"44,99 €","[' Coton', ' Élasthanne', ' Élastomultiester']",https://www2.hm.com/fr_fr/productpage.1226565001.html,[]
Jeans,Straight High Cropped Jeans,"39,99 €","[' Coton', ' Coton biologique', ' Coton recyclé']",https://www2.hm.com/fr_fr/productpage.1200442003.html,"['Tissage\nPakistan', 'Fabrication\nPakistan']"
Jeans,Bootcut Regular Jeans,"25,99 €","[' Coton', ' Coton recyclé', ' Polyester', ' Élasthanne']",https://www2.hm.com/fr_fr/productpage.1215197003.html,"['Teinture\nPakistan', 'Tissage\nPakistan', 'Fabrication\nPakistan']"
Jeans,Skinny High Jeans,"19,99 €","[' Coton', ' Polyester', ' Élasthanne']",https://www2.hm.com/fr_fr/productpage.1025457026.html,['Pays de fabrication\nBangladesh\nPakistan']
Jeans,Slim High Jeans,"29,99 €","[' Coton', ' Coton recyclé', ' Polyester', ' Polyester recyclé']",https://www2.hm.com/fr_fr/productpage.1210619001.html,"['Teinture\nChine', 'Fabrication\nChine']"
Jeans,Slim Straight High Jeans,"35,99 €","[' Coton', ' Coton recyclé', ' Polyester', ' Polyester recyclé', ' Élasthanne']",https://www2.hm.com/fr_fr/productpage.1199187011.html,['Pays de fabrication\nBangladesh']
Jeans,Straight High Jeans,"39,99 €","[' Coton', ' Coton recyclé', ' Polyester recyclé']",https://www2.hm.com/fr_fr/productpage.1203371001.html,['Pays de fabrication\nChine']
Jeans,Curvy Fit Bootcut High Jeans,"35,99 €","[' Coton', ' Coton recyclé', ' Polyester', ' Polyester recyclé', ' Élasthanne']",https://www2.hm.com/fr_fr/productpage.1213945005.html,['Pays de fabrication\nBangladesh']
Jeans,Bootcut High Jeans,"29,99 €","[' Coton', ' Coton recyclé', ' Polyester recyclé', ' Élasthanne']",https://www2.hm.com/fr_fr/productpage.1074295013.html,['Pays de fabrication\nBangladesh']
Jeans,Baggy Regular Jeans,"35,99 €","[' Coton', ' Coton recyclé', ' Polyester', ' Polyester recyclé']",https://www2.hm.com/fr_fr/productpage.1214324001.html,['Pays de fabrication\nBangladesh']
Jeans,Slim High Ankle Jeans,"39,99 €","[' Circulose®', ' Coton', ' Coton recyclé', ' Polyester recyclé', ' Viscose', ' Élasthanne']",https://www2.hm.com/fr_fr/productpage.1069416001.html,['Pays de fabrication\nPakistan']
Jeans,Baggy High Jeans,"29,99 €","[' Coton', ' Coton recyclé', ' Polyester', ' Polyester recyclé']",https://www2.hm.com/fr_fr/productpage.1208532011.html,[]
Jeans,90s Baggy High Jeans,"29,99 €","[' Coton', ' Coton recyclé', ' Polyester recyclé']",https://www2.hm.com/fr_fr/productpage.1160547009.html,['Pays de fabrication\nBangladesh']
Jeans,Slim Straight High Ankle Jeans,"29,99 €","[' Coton', ' Coton recyclé', ' Polyester recyclé', ' Élasthanne']",https://www2.hm.com/fr_fr/productpage.1214570003.html,['Pays de fabrication\nChine']
Jeans,Wide High Cropped Jeans,"25,99 €","[' Coton', ' Coton recyclé', ' Polyester', ' Polyester recyclé', ' Élasthanne']",https://www2.hm.com/fr_fr/productpage.1199191013.html,['Pays de fabrication\nBangladesh']
Jeans,Skinny High Jeans,"19,99 €","[' Coton', ' Coton recyclé', ' Polyester', ' Polyester recyclé', ' Élasthanne']",https://www2.hm.com/fr_fr/productpage.1025457003.html,['Pays de fabrication\nBangladesh']
Jeans,Baggy Wide Low Ankle Jeans,"39,99 €","[' Coton', ' Coton recyclé', ' Polyester recyclé', ' Viscose']",https://www2.hm.com/fr_fr/productpage.1199189008.html,"['Teinture\nPakistan', 'Tissage\nPakistan', 'Fabrication\nPakistan']"
Jeans,Straight Regular Jeans,"39,99 €","[' Coton', ' Coton recyclé', ' Polyester', ' Polyester recyclé']",https://www2.hm.com/fr_fr/productpage.1152460001.html,['Pays de fabrication\nBangladesh\nTurquie']
Jeans,Straight High Cropped Jeans,"39,99 €","[' Coton', ' Coton biologique', ' Coton recyclé']",https://www2.hm.com/fr_fr/productpage.1200442002.html,"['Tissage\nPakistan', 'Fabrication\nPakistan']"
Jeans,Flared High Jeans,"79,99 €","[' Coton', ' Coton recyclé', ' Lyocell', ' Lyocell Tencel™']",https://www2.hm.com/fr_fr/productpage.1219913001.html,['Pays de fabrication\nPakistan']
Jeans,Straight High Jeans,"49,99 €",[' Coton'],https://www2.hm.com/fr_fr/productpage.1218391002.html,['Pays de fabrication\nChine']
Jeans,Straight Low Jeans,"25,99 €","[' Coton', ' Coton recyclé', ' Polyester recyclé']",https://www2.hm.com/fr_fr/productpage.1172819002.html,['Pays de fabrication\nInde']
Jeans,Flared Low Jeans,"19,99 €","[' Coton', ' Coton recyclé', ' Élasthanne']",https://www2.hm.com/fr_fr/productpage.1224960002.html,"['Teinture\nPakistan', 'Tissage\nPakistan', 'Fabrication\nPakistan']"
Jeans,Straight High Jeans,"35,99 €","[' Coton', ' Coton recyclé', ' Polyester recyclé']",https://www2.hm.com/fr_fr/productpage.1136205012.html,"['Teinture\nChine', 'Fabrication\nChine']"
Jeans,Baggy Regular Jeans,"29,99 €","[' Coton', ' Coton recyclé', ' Polyester recyclé']",https://www2.hm.com/fr_fr/productpage.1210963004.html,['Pays de fabrication\nBangladesh']
Jeans,Skinny High Jeans,"19,99 €","[' Coton', ' Coton recyclé', ' Polyester', ' Polyester recyclé', ' Élasthanne']",https://www2.hm.com/fr_fr/productpage.1025457039.html,"['Pays d’origine du matériau\nBangladesh', 'Pays de fabrication\nBangladesh']"
Jeans,Curvy Fit Bootcut High Jeans,"35,99 €","[' Coton', ' Coton recyclé', ' Polyester', ' Polyester recyclé', ' Élasthanne']",https://www2.hm.com/fr_fr/productpage.1213945004.html,['Pays de fabrication\nBangladesh']
Jeans,Straight Regular Jeans,"39,99 €","[' Coton', ' Coton recyclé', ' Polyester', ' Polyester recyclé']",https://www2.hm.com/fr_fr/productpage.1152460004.html,['Pays de fabrication\nBangladesh']
Jeans,Skinny High Jeans,"19,99 €","[' Coton', ' Polyester', ' Élasthanne']",https://www2.hm.com/fr_fr/productpage.1025457006.html,"['Pays d’origine du matériau\nBangladesh', 'Pays de fabrication\nBangladesh']"
Jeans,Baggy Wide Low Jeans,"39,99 €","[' Coton', ' Coton recyclé', ' Polyester', ' Polyester recyclé']",https://www2.hm.com/fr_fr/productpage.1199190005.html,['Pays de fabrication\nInde']
Jeans,Pantalon en denim avec taille élastique,"19,99 €","[' Coton', ' Coton recyclé', ' Polyester', ' Polyester recyclé']",https://www2.hm.com/fr_fr/productpage.1237416003.html,['Pays de fabrication\nBangladesh']
Jeans,Curvy Fit Slim High Jeans,"35,99 €","[' Coton', ' Coton recyclé', ' Polyester recyclé', ' Élasthanne']",https://www2.hm.com/fr_fr/productpage.1213946003.html,['Fabrication\nBangladesh']
Jeans,Flared Low Jeans,"19,99 €","[' Coton', ' Coton recyclé', ' Élasthanne']",https://www2.hm.com/fr_fr/productpage.1224960001.html,"['Teinture\nPakistan', 'Tissage\nPakistan', 'Fabrication\nPakistan']"
Jeans,Flared High Jeans,"19,99 €","[' Coton', ' Coton recyclé', ' Polyester', ' Polyester recyclé', ' Élasthanne']",https://www2.hm.com/fr_fr/productpage.1109636003.html,['Pays de fabrication\nBangladesh']
Jeans,Bootcut High Jeans,"35,99 €","[' Coton', ' Coton recyclé', ' Polyester recyclé', ' Élasthanne']",https://www2.hm.com/fr_fr/productpage.1198343001.html,['Pays de fabrication\nBangladesh']
Jeans,Shaping Skinny Regular Jeans,"49,99 €","[' Coton', ' Élasthanne']",https://www2.hm.com/fr_fr/productpage.0986428027.html,['Pays de fabrication\nTurquie']
Jeans,Baggy Wide Low Jeans,"39,99 €","[' Coton', ' Coton recyclé', ' Polyester', ' Polyester recyclé']",https://www2.hm.com/fr_fr/productpage.1199190004.html,['Pays de fabrication\nInde\nTurquie']
Jeans,Ultra High Ankle Jeggings,"29,99 €","[' Coton', ' Coton recyclé', ' Polyester', ' Polyester recyclé', ' Viscose', ' Élasthanne']",https://www2.hm.com/fr_fr/productpage.1152457001.html,['Pays de fabrication\nInde\nVietnam']
Jeans,Tapered High Jeans,"29,99 €","[' Coton', ' Coton recyclé', ' Polyester recyclé', ' Élasthanne']",https://www2.hm.com/fr_fr/productpage.1208009002.html,"['Teinture\nChine', 'Fabrication\nChine']"
Jeans,Slim Straight High Jeans,"35,99 €","[' Coton', ' Polyester recyclé', ' Élasthanne']",https://www2.hm.com/fr_fr/productpage.1199187001.html,['Pays de fabrication\nBangladesh']
Jeans,Flared Low Jeans,"25,99 €","[' Coton', ' Coton recyclé', ' Élasthanne']",https://www2.hm.com/fr_fr/productpage.1183498009.html,"['Teinture\nPakistan', 'Tissage\nPakistan', 'Fabrication\nPakistan']"
Jeans,Straight High Jeans,"35,99 €","[' Coton', ' Coton recyclé', ' Polyester recyclé']",https://www2.hm.com/fr_fr/productpage.1136205015.html,"['Tissage\nPakistan', 'Fabrication\nPakistan']"
Jeans,Wide High Jeans,"29,99 €","[' Coton', ' Coton recyclé', ' Polyester', ' Polyester recyclé']",https://www2.hm.com/fr_fr/productpage.0871889056.html,['Pays de fabrication\nBangladesh']
Jeans,Skinny Low Jeans,"29,99 €","[' Coton', ' Coton recyclé', ' Polyester', ' Polyester recyclé', ' Élasthanne']",https://www2.hm.com/fr_fr/productpage.1069399005.html,['Pays de fabrication\nPakistan']
Jeans,Flared Low Jeans,"25,99 €","[' Coton', ' Coton recyclé', ' Élasthanne']",https://www2.hm.com/fr_fr/productpage.1183498001.html,['Pays de fabrication\nPakistan']
Jeans,Petite Fit Bootcut High Jeans,"35,99 €","[' Coton', ' Coton recyclé', ' Polyester recyclé', ' Élasthanne']",https://www2.hm.com/fr_fr/productpage.1218048001.html,['Pays de fabrication\nBangladesh']
Jeans,Baggy Regular Jeans,"35,99 €","[' Coton', ' Coton recyclé', ' Polyester', ' Polyester recyclé']",https://www2.hm.com/fr_fr/productpage.1214324002.html,['Pays de fabrication\nBangladesh']
Jeans,Baggy Wide Low Ankle Jeans,"39,99 €","[' Circulose®', ' Coton', ' Coton recyclé', ' Polyester recyclé', ' Viscose']",https://www2.hm.com/fr_fr/productpage.1199189007.html,"['Teinture\nPakistan', 'Tissage\nPakistan', 'Fabrication\nPakistan']"
Jeans,90s Baggy Regular Jeans,"39,99 €","[' Coton', ' Coton recyclé', ' Polyester', ' Polyester recyclé']",https://www2.hm.com/fr_fr/productpage.1198056004.html,['Pays de fabrication\nChine']
Jeans,Straight Regular Jeans,"39,99 €","[' Coton', ' Coton recyclé', ' Polyester', ' Polyester recyclé']",https://www2.hm.com/fr_fr/productpage.1152460010.html,['Fabrication\nBangladesh']
Jeans,Slim Mom High Ankle Jeans,"27,99 €","[' Coton', ' Coton recyclé', ' Polyester recyclé', ' Élasthanne']",https://www2.hm.com/fr_fr/productpage.0941666048.html,['Pays de fabrication\nInde\nPakistan']
Jeans,Curvy Fit Wide High Cropped Jeans,"25,99 €","[' Coton', ' Coton recyclé', ' Polyester', ' Élasthanne']",https://www2.hm.com/fr_fr/productpage.1213942003.html,['Pays de fabrication\nBangladesh']
Jeans,Pantalon parachute en denim,"29,99 €","[' Coton', ' Coton recyclé', ' Polyester', ' Polyester recyclé']",https://www2.hm.com/fr_fr/productpage.1203811003.html,['Pays de fabrication\nBangladesh']
Jeans,Petite Fit Wide Regular Jeans,"39,99 €","[' Coton', ' Polyester recyclé']",https://www2.hm.com/fr_fr/productpage.1204748001.html,['Pays de fabrication\nBangladesh']
Jeans,Straight Low Jeans,"29,99 €","[' Coton', ' Coton recyclé', ' Polyester']",https://www2.hm.com/fr_fr/productpage.1142567004.html,['Pays de fabrication\nBangladesh']
Jeans,Skinny High Jeans,"19,99 €","[' Coton', ' Coton recyclé', ' Polyester', ' Polyester recyclé', ' Élasthanne']",https://www2.hm.com/fr_fr/productpage.1124259006.html,['Pays de fabrication\nBangladesh']
Jeans,Wide Ultra High Jeans,"25,99 €","[' Coton', ' Coton recyclé', ' Polyester recyclé']",https://www2.hm.com/fr_fr/productpage.1067430023.html,['Pays de fabrication\nBangladesh']
Jeans,Mom Ultra High Ankle Jeans,"35,99 €","[' Coton', ' Coton recyclé', ' Polyester', ' Polyester recyclé', ' Élasthanne']",https://www2.hm.com/fr_fr/productpage.1128915001.html,['Pays de fabrication\nBangladesh\nInde\nPakistan']
Jeans,Baggy Wide Low Jeans,"39,99 €","[' Coton', ' Coton recyclé', ' Polyester', ' Polyester recyclé']",https://www2.hm.com/fr_fr/productpage.1199190006.html,"['Teinture\nPakistan', 'Tissage\nPakistan', 'Fabrication\nBangladesh\nPakistan']"
Jeans,True To You Flared High Jeans,"49,99 €","[' Coton', ' Coton recyclé', ' Polyester', ' Polyester recyclé', ' Élasthanne']",https://www2.hm.com/fr_fr/productpage.1186829003.html,['Pays de fabrication\nTurquie']
Jeans,Coated Wide Regular Jeans,"49,99 €","[' Coton', ' Coton recyclé', ' Polyester recyclé']",https://www2.hm.com/fr_fr/productpage.1218684001.html,['Pays de fabrication\nChine']
Jeans,Mom Ultra High Ankle Jeans,"35,99 €","[' Coton', ' Coton recyclé', ' Polyester', ' Polyester recyclé', ' Élasthanne', ' Élastomultiester']",https://www2.hm.com/fr_fr/productpage.1128915010.html,['Pays de fabrication\nPakistan']
Jeans,Petite Fit Slim High Jeans,"35,99 €","[' Coton', ' Coton recyclé', ' Polyester', ' Polyester recyclé', ' Élasthanne']",https://www2.hm.com/fr_fr/productpage.1218047002.html,['Pays de fabrication\nBangladesh']
Jeans,Pantalon parachute en denim,"29,99 €","[' Coton', ' Coton recyclé', ' Polyester', ' Polyester recyclé']",https://www2.hm.com/fr_fr/productpage.1203811002.html,['Pays de fabrication\nBangladesh']
Jeans,Flared Low Jeans,"25,99 €","[' Coton', ' Coton recyclé', ' Polyester recyclé', ' Élasthanne']",https://www2.hm.com/fr_fr/productpage.1183498002.html,['Pays de fabrication\nPakistan']
Jeans,Flared Regular Jeans,"35,99 €","[' Coton', ' Coton recyclé', ' Polyester recyclé']",https://www2.hm.com/fr_fr/productpage.1225423003.html,"['Teinture\nChine', 'Fabrication\nChine']"
Jeans,Bootcut Regular Jeans,"25,99 €","[' Coton', ' Coton recyclé', ' Polyester', ' Élasthanne']",https://www2.hm.com/fr_fr/productpage.1215197001.html,[]
Jeans,Wide High Cropped Jeans,"25,99 €","[' Coton', ' Coton recyclé', ' Polyester', ' Élasthanne']",https://www2.hm.com/fr_fr/productpage.1199191014.html,['Pays de fabrication\nBangladesh']
Jeans,Wide Regular Jeans,"29,99 €","[' Coton', ' Coton recyclé']",https://www2.hm.com/fr_fr/productpage.1216000001.html,['Pays de fabrication\nBangladesh']
Jeans,Flared High Jeans,"19,99 €","[' Coton', ' Coton recyclé', ' Polyester', ' Polyester recyclé', ' Élasthanne']",https://www2.hm.com/fr_fr/productpage.1109636020.html,['Pays de fabrication\nBangladesh']
Jeans,Wide High Jeans,"29,99 €","[' Coton', ' Coton recyclé', ' Polyester recyclé', ' Élasthanne']",https://www2.hm.com/fr_fr/productpage.1045459031.html,"['Tissage\nChine', 'Fabrication\nChine']"
Jeans,Baggy Regular Jeans,"29,99 €","[' Coton', ' Coton biologique', ' Coton recyclé', ' Polyester recyclé']",https://www2.hm.com/fr_fr/productpage.1210963005.html,['Pays de fabrication\nBangladesh']
Jeans,Pantalon cargo en denim,"39,99 €","[' Coton', ' Coton recyclé', ' Polyester recyclé', ' Élasthanne']",https://www2.hm.com/fr_fr/productpage.1205798002.html,['Pays de fabrication\nBangladesh']
Jeans,Wide Regular Jeans,"35,99 €","[' Coton', ' Coton recyclé', ' Polyester', ' Polyester recyclé', ' Élasthanne']",https://www2.hm.com/fr_fr/productpage.1214566002.html,['Pays de fabrication\nPakistan']
Jeans,Straight High Cropped Jeans,"39,99 €","[' Coton', ' Coton biologique', ' Coton recyclé']",https://www2.hm.com/fr_fr/productpage.1200442005.html,"['Tissage\nPakistan', 'Fabrication\nPakistan']"
Jeans,Tapered High Jeans,"29,99 €","[' Coton', ' Coton recyclé', ' Polyester recyclé', ' Élasthanne']",https://www2.hm.com/fr_fr/productpage.1208009001.html,"['Teinture\nChine', 'Fabrication\nChine']"
Jeans,Petite Fit Slim High Jeans,"35,99 €","[' Coton', ' Coton recyclé', ' Polyester', ' Polyester recyclé', ' Élasthanne']",https://www2.hm.com/fr_fr/productpage.1218047004.html,['Fabrication\nBangladesh']
Jeans,Straight Regular Cargo Jeans,"35,99 €","[' Coton', ' Coton recyclé', ' Polyester', ' Polyester recyclé']",https://www2.hm.com/fr_fr/productpage.1214327002.html,['Pays de fabrication\nBangladesh']
Jeans,Slim Straight High Jeans,"35,99 €","[' Coton', ' Polyester', ' Polyester recyclé', ' Élasthanne']",https://www2.hm.com/fr_fr/productpage.1199187017.html,['Pays de fabrication\nBangladesh']
Jeans,Baggy Low Jeans,"29,99 €","[' Coton', ' Coton recyclé', ' Polyester recyclé']",https://www2.hm.com/fr_fr/productpage.1214235006.html,['Pays de fabrication\nBangladesh']
Jeans,Ultra High Ankle Jeggings,"29,99 €","[' Coton', ' Coton recyclé', ' Polyester', ' Polyester recyclé', ' Élasthanne']",https://www2.hm.com/fr_fr/productpage.1152457004.html,['Pays de fabrication\nVietnam']
Jeans,Baggy Regular Jeans,"39,99 €","[' Coton', ' Coton recyclé', ' Polyester recyclé']",https://www2.hm.com/fr_fr/productpage.1152458010.html,['Pays de fabrication\nBangladesh']
Jeans,90s Baggy Low Jeans,"35,99 €","[' Coton', ' Coton recyclé', ' Polyester', ' Polyester recyclé']",https://www2.hm.com/fr_fr/productpage.1113296026.html,['Pays de fabrication\nBangladesh']
Jeans,Flared High Jeans,"19,99 €","[' Coton', ' Coton recyclé', ' Élasthanne']",https://www2.hm.com/fr_fr/productpage.1109636016.html,['Pays de fabrication\nBangladesh\nPakistan']
Jeans,Slim Straight High Ankle Jeans,"29,99 €","[' Coton', ' Coton recyclé', ' Polyester recyclé', ' Élasthanne']",https://www2.hm.com/fr_fr/productpage.1214570002.html,['Pays de fabrication\nChine']
Jeans,Baggy Regular Jeans,"29,99 €","[' Coton', ' Coton recyclé', ' Polyester recyclé']",https://www2.hm.com/fr_fr/productpage.1210963006.html,['Fabrication\nBangladesh']
Jeans,Wide Regular Jeans,"49,99 €","[' Coton', ' Coton recyclé', ' Polyester recyclé']",https://www2.hm.com/fr_fr/productpage.1196074005.html,['Pays de fabrication\nChine']
Jeans,Curvy Fit Wide Ultra High Jeans,"25,99 €","[' Coton', ' Coton recyclé', ' Polyester recyclé']",https://www2.hm.com/fr_fr/productpage.1084436001.html,['Pays de fabrication\nBangladesh']
Jeans,Wide High Ankle Jeans,"25,99 €","[' Coton', ' Coton recyclé', ' Polyester', ' Polyester recyclé', ' Élasthanne']",https://www2.hm.com/fr_fr/productpage.1214568001.html,"['Pays d’origine du matériau\nBangladesh', 'Pays de fabrication\nBangladesh']"
Jeans,Tapered Regular Jeans,"49,99 €",[' Coton'],https://www2.hm.com/fr_fr/productpage.1218389002.html,['Pays de fabrication\nTurquie']
Jeans,Baggy High Jeans,"29,99 €","[' Coton', ' Coton recyclé', ' Polyester recyclé']",https://www2.hm.com/fr_fr/productpage.1208532009.html,"['Teinture\nPakistan', 'Tissage\nPakistan', 'Fabrication\nBangladesh\nPakistan']"
Jeans,Curvy Fit Baggy Low Jeans,"39,99 €","[' Coton', ' Coton recyclé', ' Polyester', ' Polyester recyclé']",https://www2.hm.com/fr_fr/productpage.1213944003.html,['Pays de fabrication\nBangladesh']
Jeans,Baggy High Jeans,"29,99 €","[' Coton', ' Coton recyclé', ' Polyester recyclé']",https://www2.hm.com/fr_fr/productpage.1208532001.html,['Pays de fabrication\nInde\nPakistan\nTurquie']
Jeans,Baggy Low Jeans,"29,99 €","[' Coton', ' Coton recyclé', ' Polyester recyclé']",https://www2.hm.com/fr_fr/productpage.1214235002.html,['Pays de fabrication\nBangladesh']
Jeans,Slim Straight High Jeans,"35,99 €","[' Coton', ' Polyester', ' Polyester recyclé', ' Élasthanne']",https://www2.hm.com/fr_fr/productpage.1199187006.html,"['Pays d’origine du matériau\nBangladesh', 'Pays de fabrication\nBangladesh']"
Jeans,Shaping Skinny Regular Jeans,"49,99 €","[' Coton', ' Élasthanne', ' Élastomultiester']",https://www2.hm.com/fr_fr/productpage.0986428028.html,['Pays de fabrication\nTurquie']
Jeans,Curvy Fit Vintage Mom Ultra High Jeans,"35,99 €","[' Coton', ' Coton recyclé', ' Polyester recyclé', ' Élasthanne']",https://www2.hm.com/fr_fr/productpage.1185379001.html,['Pays de fabrication\nInde\nPakistan']
Jeans,Curvy Fit Slim High Jeans,"35,99 €","[' Coton', ' Coton recyclé', ' Polyester', ' Polyester recyclé', ' Élasthanne']",https://www2.hm.com/fr_fr/productpage.1213946002.html,['Pays de fabrication\nBangladesh']
Jeans,90s Baggy Low Jeans,"35,99 €","[' Coton', ' Coton recyclé', ' Polyester']",https://www2.hm.com/fr_fr/productpage.1113296023.html,['Pays de fabrication\nBangladesh']
Jeans,Flared High Jeans,"19,99 €","[' Coton', ' Coton recyclé', ' Polyester', ' Polyester recyclé', ' Élasthanne']",https://www2.hm.com/fr_fr/productpage.1109636019.html,['Pays de fabrication\nBangladesh']
Jeans,Wide Ultra High Jeans,"25,99 €","[' Coton', ' Coton recyclé', ' Polyester', ' Polyester recyclé']",https://www2.hm.com/fr_fr/productpage.1067430045.html,['Fabrication\nBangladesh']
Jeans,Flared High Jeans,"19,99 €","[' Coton', ' Coton recyclé', ' Polyester', ' Polyester recyclé', ' Élasthanne']",https://www2.hm.com/fr_fr/productpage.1109636023.html,"['Teinture\nVietnam', 'Tissage\nVietnam', 'Fabrication\nVietnam']"
Jeans,Baggy High Jeans,"29,99 €","[' Coton', ' Coton recyclé']",https://www2.hm.com/fr_fr/productpage.1208532010.html,"['Teinture\nPakistan', 'Tissage\nPakistan', 'Fabrication\nBangladesh\nPakistan']"
Jeans,Petite Fit Baggy Low Jeans,"39,99 €","[' Coton', ' Coton recyclé', ' Polyester', ' Polyester recyclé']",https://www2.hm.com/fr_fr/productpage.1218062004.html,['Pays de fabrication\nInde']
Jeans,Wide Ultra High Jeans,"25,99 €","[' Coton', ' Coton recyclé', ' Polyester recyclé']",https://www2.hm.com/fr_fr/productpage.1067430001.html,['Pays de fabrication\nBangladesh']
Jeans,Mom Ultra High Ankle Jeans,"35,99 €","[' Coton', ' Coton recyclé', ' Polyester', ' Polyester recyclé', ' Élasthanne', ' Élastomultiester']",https://www2.hm.com/fr_fr/productpage.1128915011.html,[]
Jeans,Straight Low Jeans,"39,99 €","[' Coton', ' Coton biologique', ' Coton recyclé']",https://www2.hm.com/fr_fr/productpage.1166881009.html,"['Teinture\nPakistan', 'Tissage\nPakistan', 'Fabrication\nPakistan']"
Jeans,Baggy Regular Jeans,"29,99 €","[' Coton', ' Coton recyclé', ' Polyester recyclé']",https://www2.hm.com/fr_fr/productpage.1210963002.html,['Pays de fabrication\nBangladesh']
Jeans,Baggy Regular Jeans,"29,99 €","[' Coton', ' Coton recyclé', ' Polyester recyclé']",https://www2.hm.com/fr_fr/productpage.1210963003.html,['Pays de fabrication\nBangladesh']
Jeans,Petite Fit Bootcut High Jeans,"35,99 €","[' Coton', ' Coton recyclé', ' Polyester recyclé', ' Élasthanne']",https://www2.hm.com/fr_fr/productpage.1218048004.html,['Pays de fabrication\nBangladesh']
Jeans,Wide High Ankle Jeans,"25,99 €","[' Coton', ' Coton recyclé', ' Polyester recyclé', ' Élasthanne']",https://www2.hm.com/fr_fr/productpage.1214568004.html,['Pays de fabrication\nBangladesh']
Jeans,Straight High Jeans,"49,99 €","[' Coton', ' Coton recyclé', ' Élasthanne']",https://www2.hm.com/fr_fr/productpage.1147233001.html,['Pays de fabrication\nBangladesh']
Jeans,Slim Mom High Ankle Jeans,"27,99 €","[' Coton', ' Coton recyclé', ' Polyester recyclé', ' Élasthanne']",https://www2.hm.com/fr_fr/productpage.0941666055.html,"['Teinture\nPakistan', 'Tissage\nPakistan', 'Fabrication\nInde\nPakistan']"
Jeans,Bootcut High Jeans,"35,99 €","[' Coton', ' Coton recyclé', ' Polyester', ' Polyester recyclé', ' Élasthanne']",https://www2.hm.com/fr_fr/productpage.1198343004.html,"['Teinture\nBangladesh', 'Tissage\nBangladesh', 'Fabrication\nBangladesh']"
Jeans,90s Baggy Low Jeans,"35,99 €","[' Coton', ' Polyester', ' Polyester recyclé']",https://www2.hm.com/fr_fr/productpage.1113296024.html,['Pays de fabrication\nBangladesh']
Jeans,Skinny Regular Ankle Jeans,"39,99 €","[' Coton', ' Coton recyclé', ' Polyester', ' Polyester recyclé', ' Élasthanne']",https://www2.hm.com/fr_fr/productpage.1199181004.html,"['Teinture\nPakistan', 'Tissage\nPakistan', 'Fabrication\nPakistan']"
Jeans,Flared Regular Jeans,"35,99 €","[' Coton', ' Coton recyclé', ' Polyester', ' Polyester recyclé']",https://www2.hm.com/fr_fr/productpage.1225423001.html,"['Teinture\nChine', 'Fabrication\nChine']"
Jeans,Vintage Straight High Jeans,"29,99 €","[' Coton', ' Coton recyclé', ' Polyester recyclé', ' Élasthanne']",https://www2.hm.com/fr_fr/productpage.1026091045.html,['Pays de fabrication\nBangladesh']
Jeans,90s Baggy High Jeans,"29,99 €","[' Polyester', ' Polyuréthane']",https://www2.hm.com/fr_fr/productpage.1160547010.html,['Pays de fabrication\nChine']
Jeans,Baggy Wide Low Jeans,"39,99 €","[' Coton', ' Coton recyclé', ' Polyester', ' Polyester recyclé']",https://www2.hm.com/fr_fr/productpage.1199190003.html,['Pays de fabrication\nBangladesh']
Jeans,Skinny High Jeans,"19,99 €","[' Coton', ' Coton recyclé', ' Polyester', ' Polyester recyclé', ' Élasthanne']",https://www2.hm.com/fr_fr/productpage.1124259001.html,['Pays de fabrication\nBangladesh']
Jeans,Wide Ultra High Jeans,"25,99 €","[' Coton', ' Coton recyclé', ' Polyester', ' Polyester recyclé']",https://www2.hm.com/fr_fr/productpage.1067430035.html,['Pays de fabrication\nBangladesh']
Jeans,Wide Ultra High Jeans,"25,99 €","[' Coton', ' Coton recyclé', ' Polyester', ' Polyester recyclé']",https://www2.hm.com/fr_fr/productpage.1067430036.html,['Pays de fabrication\nBangladesh']
Jeans,Skinny High Jeans,"19,99 €","[' Coton', ' Coton recyclé', ' Polyester', ' Polyester recyclé', ' Élasthanne']",https://www2.hm.com/fr_fr/productpage.1025457042.html,['Pays de fabrication\nBangladesh']
Jeans,Shaping Skinny Regular Jeans,"49,99 €","[' Coton', ' Coton recyclé', ' Polyester', ' Polyester recyclé', ' Élasthanne']",https://www2.hm.com/fr_fr/productpage.0986428008.html,['Pays de fabrication\nTurquie']
Jeans,Flared Low Jeans,"25,99 €","[' Coton', ' Coton recyclé', ' Polyester', ' Élasthanne']",https://www2.hm.com/fr_fr/productpage.1183498006.html,"['Teinture\nPakistan', '', '']"
Jeans,Straight High Jeans,"35,99 €","[' Coton', ' Coton recyclé', ' Polyester recyclé']",https://www2.hm.com/fr_fr/productpage.1136205013.html,"['Teinture\nChine', 'Fabrication\nChine']"
Jeans,Straight High Jeans,"49,99 €",[' Coton'],https://www2.hm.com/fr_fr/productpage.1218391001.html,[]
Jeans,Wide Ultra High Jeans,"29,99 €","[' Coton', ' Coton recyclé', ' Polyester', ' Polyester recyclé']",https://www2.hm.com/fr_fr/productpage.1222670002.html,['Pays de fabrication\nBangladesh']
Jeans,Tapered High Jeans,"29,99 €","[' Coton', ' Coton recyclé', ' Polyester recyclé', ' Élasthanne']",https://www2.hm.com/fr_fr/productpage.1208009004.html,"['Teinture\nChine', 'Fabrication\nChine']"
Jeans,Pantalon large en denim,"39,99 €","[' Coton', ' Coton recyclé', ' Polyester recyclé']",https://www2.hm.com/fr_fr/productpage.1237952001.html,['Pays de fabrication\nBangladesh']
Jeans,Wide Regular Jeans,"29,99 €","[' Coton', ' Coton recyclé']",https://www2.hm.com/fr_fr/productpage.1216000002.html,"['Pays d’origine du matériau\nBangladesh', 'Pays de fabrication\nBangladesh']"
Jeans,Flared Low Jeans,"37,99 €","[' Coton', ' Coton recyclé', ' Polyester recyclé', ' Élasthanne']",https://www2.hm.com/fr_fr/productpage.1216044001.html,"['Teinture\nPakistan', 'Tissage\nPakistan', 'Fabrication\nPakistan']"
Jeans,Curvy Fit Baggy Low Jeans,"39,99 €","[' Coton', ' Coton recyclé', ' Polyester', ' Polyester recyclé']",https://www2.hm.com/fr_fr/productpage.1213944001.html,['Pays de fabrication\nInde']
Jeans,Straight High Jeans,"29,99 €","[' Coton', ' Coton recyclé', ' Polyester recyclé']",https://www2.hm.com/fr_fr/productpage.1223051001.html,['Pays de fabrication\nBangladesh']
Jeans,Curvy Fit Baggy Low Jeans,"39,99 €","[' Coton', ' Coton recyclé', ' Polyester', ' Polyester recyclé']",https://www2.hm.com/fr_fr/productpage.1213944006.html,['Pays de fabrication\nInde']
Jeans,Baggy High Jeans,"29,99 €","[' Coton', ' Coton recyclé', ' Polyester', ' Polyester recyclé']",https://www2.hm.com/fr_fr/productpage.1208532007.html,"['Pays d’origine du matériau\nPakistan', 'Pays de fabrication\nPakistan']"
Jeans,Curvy Fit Ultra High Ankle Jeggings,"29,99 €","[' Coton', ' Coton recyclé', ' Polyester', ' Polyester recyclé', ' Viscose', ' Élasthanne']",https://www2.hm.com/fr_fr/productpage.1185377001.html,[]
Jeans,Skinny High Jeans,"19,99 €","[' Coton', ' Coton recyclé', ' Polyester', ' Polyester recyclé', ' Élasthanne']",https://www2.hm.com/fr_fr/productpage.1124259007.html,['Pays de fabrication\nBangladesh']
Jeans,Straight Regular Jeans,"39,99 €","[' Coton', ' Coton recyclé', ' Polyester', ' Polyester recyclé']",https://www2.hm.com/fr_fr/productpage.1152460002.html,['Pays de fabrication\nBangladesh']
Jeans,Wide Regular Jeans,"29,99 €","[' Coton', ' Coton recyclé']",https://www2.hm.com/fr_fr/productpage.1216000003.html,"['Teinture\nPakistan', 'Tissage\nPakistan', 'Fabrication\nPakistan']"
Jeans,Bootcut High Jeans,"35,99 €","[' Coton', ' Coton recyclé', ' Polyester', ' Polyester recyclé', ' Élasthanne']",https://www2.hm.com/fr_fr/productpage.1198343012.html,['Pays de fabrication\nBangladesh']
Jeans,Flared Low Jeans,"39,99 €","[' Coton', ' Polyester']",https://www2.hm.com/fr_fr/productpage.1218344001.html,['Pays de fabrication\nChine']
Jeans,Curvy Fit Wide Ultra High Jeans,"25,99 €","[' Coton', ' Coton recyclé', ' Polyester', ' Polyester recyclé']",https://www2.hm.com/fr_fr/productpage.1084436013.html,['Pays de fabrication\nBangladesh']
Jeans,Slim Straight High Jeans,"35,99 €","[' Coton', ' Coton recyclé', ' Polyester recyclé', ' Élasthanne']",https://www2.hm.com/fr_fr/productpage.1199187009.html,['Pays de fabrication\nBangladesh']
Jeans,Slim High Jeans,"29,99 €","[' Coton', ' Coton recyclé', ' Polyester', ' Polyester recyclé', ' Élasthanne']",https://www2.hm.com/fr_fr/productpage.1206355002.html,['Pays de fabrication\nBangladesh']
Jeans,Straight Regular Jeans,"39,99 €","[' Coton', ' Coton recyclé', ' Polyester', ' Polyester recyclé']",https://www2.hm.com/fr_fr/productpage.1152460003.html,['Pays de fabrication\nBangladesh']
Jeans,Baggy Wide Low Ankle Jeans,"39,99 €","[' Coton', ' Coton recyclé', ' Polyester recyclé', ' Viscose']",https://www2.hm.com/fr_fr/productpage.1199189003.html,"['Teinture\nPakistan', 'Tissage\nPakistan', 'Fabrication\nPakistan']"
Jeans,Baggy Low Jeans,"29,99 €","[' Coton', ' Coton recyclé']",https://www2.hm.com/fr_fr/productpage.1214235005.html,['Pays de fabrication\nBangladesh']
Jeans,Wide High Jeans,"35,99 €",[' Coton'],https://www2.hm.com/fr_fr/productpage.1216282003.html,['Pays de fabrication\nTurquie']
Jeans,Coated Straight Regular Jeans,"49,99 €","[' Coton', ' Polyester']",https://www2.hm.com/fr_fr/productpage.1227049001.html,['Pays de fabrication\nChine']
Jeans,Wide Regular Jeans,"39,99 €","[' Coton', ' Coton recyclé', ' Polyester recyclé']",https://www2.hm.com/fr_fr/productpage.1240845001.html,"['Teinture\nPakistan', 'Tissage\nPakistan', 'Fabrication\nPakistan']"
Jeans,Flared Ultra High Jeans,"35,99 €","[' Coton', ' Coton recyclé', ' Polyester', ' Polyester recyclé', ' Élasthanne', ' Élastomultiester']",https://www2.hm.com/fr_fr/productpage.1238764001.html,['Fabrication\nPakistan']
Jeans,Wide High Ankle Jeans,"25,99 €","[' Coton', ' Coton recyclé', ' Polyester recyclé', ' Élasthanne']",https://www2.hm.com/fr_fr/productpage.1214568005.html,['Pays de fabrication\nBangladesh']
Jeans,Slim High Jeans,"29,99 €","[' Coton', ' Coton recyclé', ' Polyester', ' Polyester recyclé']",https://www2.hm.com/fr_fr/productpage.1210619002.html,"['Teinture\nChine', 'Fabrication\nChine']"
Jeans,Curvy Fit Wide High Cropped Jeans,"25,99 €","[' Coton', ' Coton recyclé', ' Polyester', ' Polyester recyclé', ' Élasthanne']",https://www2.hm.com/fr_fr/productpage.1213942001.html,['Pays de fabrication\nBangladesh']
Jeans,Baggy High Jeans,"29,99 €","[' Coton', ' Coton recyclé', ' Polyester recyclé']",https://www2.hm.com/fr_fr/productpage.1208532005.html,['Pays de fabrication\nInde\nPakistan\nTurquie']
